,schlname,parent_slug,name,level,stem,slug,lenses,subject,text.overview.__html,data.all,data.non-ell,data.pacific,data.asian,data.ell,data.iep,data.girls,data.system,data.frl,data.grade11,data.amerind,data.grade12,data.black,data.white,data.latino,data.grade10,data.non-frl,data.boys,data.non-iep,data.grade5,data.grade4,data.grade7,data.grade6,data.grade9,data.grade8,data.mixed,data.similar
0,A.N. Pritzker School,_supplemental,Academic Engagement,3.0,Students report:,engg,,2.0,"
<p><b>Academic Engagement</b><br>Students are interested and engaged in learning.  </p>
","[[50.0, 0], [68.0, 0], [59.0, 0], [64.0, 0]]","[[None, 0], [None, 0], [None, 0], [None, 0]]","[[None, 0], [None, 0], [None, 0], [None, 0]]","[[None, 0], [None, 0], [None, 0], [None, 0]]","[[None, 0], [None, 0], [None, 0], [None, 0]]","[[None, 0], [None, 0], [None, 0], [None, 0]]","[[46.0, 0], [74.0, 0], [57.0, 0], [68.0, 0]]","[[70.0, 0], [72.0, 0], [73.0, 0], [68.0, 0]]","[[None, 0], [None, 0], [None, 0], [None, 0]]","[[None, 0], [None, 0], [None, 0], [None, 0]]","[[None, 0], [None, 0], [None, 0], [None, 0]]","[[None, 0], [None, 0], [None, 0], [None, 0]]","[[None, 0], [None, 0], [None, 0], [None, 0]]","[[None, 0], [None, 0], [None, 0], [None, 0]]","[[None, 0], [None, 0], [None, 0], [None, 0]]","[[None, 0], [None, 0], [None, 0], [None, 0]]","[[None, 0], [None, 0], [None, 0], [None, 0]]","[[54.0, 0], [62.0, 0], [60.0, 0], [59.0, 0]]","[[None, 0], [None, 0], [None, 0], [None, 0]]","[[None, 0], [None, 0], [None, 0], [None, 0]]","[[None, 0], [None, 0], [None, 0], [None, 0]]","[[41.0, 0], [75.0, 0], [77.0, 0], [36.0, 0]]","[[32.0, 0], [60.0, 0], [52.0, 0], [75.0, 0]]","[[None, 0], [None, 0], [None, 0], [None, 0]]","[[87.0, 0], [74.0, 0], [48.0, 0], [70.0, 0]]","[[None, 0], [None, 0], [None, 0], [None, 0]]","[[55.0, 0], [62.0, 0], [64.0, 0], [59.0, 0]]"
1,A.N. Pritzker School,environment,Academic Personalism,3.0,Students report that their teacher:,perc,,2.0,"
<p><b>Academic Personalism</b><br>Teachers connect with students in the classroom and support them in achieving academic goals.</p>


","[[40.0, 0], [44.0, 0], [45.0, 0], [63.0, 0]]","[[None, 0], [None, 0], [None, 0], [None, 0]]","[[None, 0], [None, 0], [None, 0], [None, 0]]","[[None, 0], [None, 0], [None, 0], [None, 0]]","[[None, 0], [None, 0], [None, 0], [None, 0]]","[[None, 0], [None, 0], [None, 0], [None, 0]]","[[41.0, 0], [45.0, 0], [35.0, 0], [70.0, 0]]","[[64.0, 0], [67.0, 0], [67.0, 0], [62.0, 0]]","[[None, 0], [None, 0], [None, 0], [None, 0]]","[[None, 0], [None, 0], [None, 0], [None, 0]]","[[None, 0], [None, 0], [None, 0], [None, 0]]","[[None, 0], [None, 0], [None, 0], [None, 0]]","[[None, 0], [None, 0], [None, 0], [None, 0]]","[[None, 0], [None, 0], [None, 0], [None, 0]]","[[None, 0], [None, 0], [None, 0], [None, 0]]","[[None, 0], [None, 0], [None, 0], [None, 0]]","[[None, 0], [None, 0], [None, 0], [None, 0]]","[[38.0, 0], [44.0, 0], [56.0, 0], [56.0, 0]]","[[None, 0], [None, 0], [None, 0], [None, 0]]","[[None, 0], [None, 0], [None, 0], [None, 0]]","[[None, 0], [None, 0], [None, 0], [None, 0]]","[[42.0, 0], [32.0, 0], [41.0, 0], [63.0, 0]]","[[27.0, 0], [42.0, 0], [36.0, 0], [68.0, 0]]","[[None, 0], [None, 0], [None, 0], [None, 0]]","[[53.0, 0], [61.0, 0], [61.0, 0], [58.0, 0]]","[[None, 0], [None, 0], [None, 0], [None, 0]]","[[53.0, 0], [57.0, 0], [61.0, 0], [55.0, 0]]"
2,A.N. Pritzker School,instruction,Academic Press,3.0,Students report the following about one specific class:,pres,,2.0,"
<p><b>Academic Press</b><br>Teachers expect students to do their best and to meet academic demands.</p>","[[63.0, 0], [70.0, 0], [69.0, 0], [73.0, 0]]","[[None, 0], [None, 0], [None, 0], [None, 0]]","[[None, 0], [None, 0], [None, 0], [None, 0]]","[[None, 0], [None, 0], [None, 0], [None, 0]]","[[None, 0], [None, 0], [None, 0], [None, 0]]","[[None, 0], [None, 0], [None, 0], [None, 0]]","[[66.0, 0], [71.0, 0], [65.0, 0], [76.0, 0]]","[[80.0, 0], [82.0, 0], [80.0, 0], [74.0, 0]]","[[None, 0], [None, 0], [None, 0], [None, 0]]","[[None, 0], [None, 0], [None, 0], [None, 0]]","[[None, 0], [None, 0], [None, 0], [None, 0]]","[[None, 0], [None, 0], [None, 0], [None, 0]]","[[None, 0], [None, 0], [None, 0], [None, 0]]","[[None, 0], [None, 0], [None, 0], [None, 0]]","[[None, 0], [None, 0], [None, 0], [None, 0]]","[[None, 0], [None, 0], [None, 0], [None, 0]]","[[None, 0], [None, 0], [None, 0], [None, 0]]","[[59.0, 0], [70.0, 0], [74.0, 0], [70.0, 0]]","[[None, 0], [None, 0], [None, 0], [None, 0]]","[[None, 0], [None, 0], [None, 0], [None, 0]]","[[None, 0], [None, 0], [None, 0], [None, 0]]","[[58.0, 0], [43.0, 0], [73.0, 0], [94.0, 0]]","[[37.0, 0], [74.0, 0], [49.0, 0], [65.0, 0]]","[[None, 0], [None, 0], [None, 0], [None, 0]]","[[99.0, 0], [97.0, 0], [89.0, 0], [71.0, 0]]","[[None, 0], [None, 0], [None, 0], [None, 0]]","[[67.0, 0], [76.0, 0], [74.0, 0], [67.0, 0]]"
3,A.N. Pritzker School,_supplemental,Classroom Disruptions,3.0,Teachers report that students in their classrooms:,cdis,,1.0,"
<p><b>Classroom Disruptions</b><br>Teachers report on the degree to which other students disrupt their learning. </p>","[[63.0, 0], [71.0, 0], [75.0, 0], [74.0, 0]]",,,,,,,"[[77.0, 0], [79.0, 0], [82.0, 0], [81.0, 0]]",,,,,,,,,,,,,,,,,,,"[[81.0, 0], [87.0, 0], [90.0, 0], [89.0, 0]]"
4,A.N. Pritzker School,_supplemental,Classroom Rigor,3.0,Students report that the teacher in their target class:,rigr,,2.0,"
<p><b>Classroom Rigor</b><br>Teachers encourage all students to make connections and seek multiple perspectives through their coursework.</p>","[[63.0, 0], [72.0, 0], [61.0, 0], [74.0, 0]]","[[None, 0], [None, 0], [None, 0], [None, 0]]","[[None, 0], [None, 0], [None, 0], [None, 0]]","[[None, 0], [None, 0], [None, 0], [None, 0]]","[[None, 0], [None, 0], [None, 0], [None, 0]]","[[None, 0], [None, 0], [None, 0], [None, 0]]","[[67.0, 0], [89.0, 0], [59.0, 0], [83.0, 0]]","[[66.0, 0], [73.0, 0], [73.0, 0], [68.0, 0]]","[[None, 0], [None, 0], [None, 0], [None, 0]]","[[None, 0], [None, 0], [None, 0], [None, 0]]","[[None, 0], [None, 0], [None, 0], [None, 0]]","[[None, 0], [None, 0], [None, 0], [None, 0]]","[[None, 0], [None, 0], [None, 0], [None, 0]]","[[None, 0], [None, 0], [None, 0], [None, 0]]","[[None, 0], [None, 0], [None, 0], [None, 0]]","[[None, 0], [None, 0], [None, 0], [None, 0]]","[[None, 0], [None, 0], [None, 0], [None, 0]]","[[59.0, 0], [54.0, 0], [62.0, 0], [66.0, 0]]","[[None, 0], [None, 0], [None, 0], [None, 0]]","[[None, 0], [None, 0], [None, 0], [None, 0]]","[[None, 0], [None, 0], [None, 0], [None, 0]]","[[44.0, 0], [70.0, 0], [74.0, 0], [59.0, 0]]","[[57.0, 0], [59.0, 0], [39.0, 0], [73.0, 0]]","[[None, 0], [None, 0], [None, 0], [None, 0]]","[[99.0, 0], [93.0, 0], [73.0, 0], [86.0, 0]]","[[None, 0], [None, 0], [None, 0], [None, 0]]","[[62.0, 0], [73.0, 0], [74.0, 0], [68.0, 0]]"
5,A.N. Pritzker School,teachers,Collaborative Practices,3.0,Teachers report how often they have done the following:,colb,,1.0,"
<p><b>Collaborative Practices</b><br>Teachers observe each others&#39; practice and work together to review assessment data and develop instructional strategies.  </p>","[[47.0, 0], [33.0, 0], [29.0, 0], [37.0, 0]]",,,,,,,"[[64.0, 0], [60.0, 0], [64.0, 0], [65.0, 0]]",,,,,,,,,,,,,,,,,,,"[[67.0, 0], [64.0, 0], [67.0, 0], [65.0, 0]]"
6,A.N. Pritzker School,teachers,Collective Responsibility,3.0,Teachers report that other teachers in the school:,colr,,1.0,"
<p><b>Collective Responsibility</b><br>Teachers share a strong sense of responsibility for student development, school improvement, and professional growth.</p>","[[29.0, 0], [31.0, 0], [20.0, 0], [28.0, 0]]",,,,,,,"[[59.0, 0], [60.0, 0], [61.0, 0], [60.0, 0]]",,,,,,,,,,,,,,,,,,,"[[60.0, 0], [61.0, 0], [63.0, 0], [64.0, 0]]"
7,A.N. Pritzker School,_supplemental,Collective Use of Assessment Data,3.0,Teachers report the frequency of reviewing assessment data:,data,,1.0,"
<p><b>Collective Use of Assessment Data</b><br>Teachers regularly review assessment data independently, with colleagues, and with the principal.</p>","[[41.0, 0], [42.0, 0], [40.0, 0], [43.0, 0]]",,,,,,,"[[65.0, 0], [62.0, 0], [69.0, 0], [69.0, 0]]",,,,,,,,,,,,,,,,,,,"[[58.0, 0], [55.0, 0], [63.0, 0], [62.0, 0]]"
8,A.N. Pritzker School,_supplemental,Course Clarity,3.0,Students report the following about one specific class:,clar,,2.0,"
<p><b>Course Clarity</b><br>Students are provided clear learning goals and instruction that supports achievement.</p>","[[46.0, 0], [60.0, 0], [61.0, 0], [72.0, 0]]","[[None, 0], [None, 0], [None, 0], [None, 0]]","[[None, 0], [None, 0], [None, 0], [None, 0]]","[[None, 0], [None, 0], [None, 0], [None, 0]]","[[None, 0], [None, 0], [None, 0], [None, 0]]","[[None, 0], [None, 0], [None, 0], [None, 0]]","[[41.0, 0], [60.0, 0], [54.0, 0], [75.0, 0]]","[[62.0, 0], [66.0, 0], [66.0, 0], [61.0, 0]]","[[None, 0], [None, 0], [None, 0], [None, 0]]","[[None, 0], [None, 0], [None, 0], [None, 0]]","[[None, 0], [None, 0], [None, 0], [None, 0]]","[[None, 0], [None, 0], [None, 0], [None, 0]]","[[None, 0], [None, 0], [None, 0], [None, 0]]","[[None, 0], [None, 0], [None, 0], [None, 0]]","[[None, 0], [None, 0], [None, 0], [None, 0]]","[[None, 0], [None, 0], [None, 0], [None, 0]]","[[None, 0], [None, 0], [None, 0], [None, 0]]","[[51.0, 0], [59.0, 0], [67.0, 0], [68.0, 0]]","[[None, 0], [None, 0], [None, 0], [None, 0]]","[[None, 0], [None, 0], [None, 0], [None, 0]]","[[None, 0], [None, 0], [None, 0], [None, 0]]","[[41.0, 0], [62.0, 0], [71.0, 0], [74.0, 0]]","[[28.0, 0], [47.0, 0], [38.0, 0], [72.0, 0]]","[[None, 0], [None, 0], [None, 0], [None, 0]]","[[74.0, 0], [77.0, 0], [74.0, 0], [70.0, 0]]","[[None, 0], [None, 0], [None, 0], [None, 0]]","[[52.0, 0], [59.0, 0], [62.0, 0], [56.0, 0]]"
9,A.N. Pritzker School,_supplemental,Emotional Health,3.0,Students report:,emhl,,2.0,"
<p><b>Emotional Health</b><br>Students have the skills to nurture positive and respectful relationships with others.</p>","[[24.0, 0], [40.0, 0], [48.0, 0], [56.0, 0]]","[[None, 0], [None, 0], [None, 0], [None, 0]]","[[None, 0], [None, 0], [None, 0], [None, 0]]","[[None, 0], [None, 0], [None, 0], [None, 0]]","[[None, 0], [None, 0], [None, 0], [None, 0]]","[[None, 0], [None, 0], [None, 0], [None, 0]]","[[39.0, 0], [40.0, 0], [49.0, 0], [56.0, 0]]","[[52.0, 0], [58.0, 0], [58.0, 0], [56.0, 0]]","[[None, 0], [None, 0], [None, 0], [None, 0]]","[[None, 0], [None, 0], [None, 0], [None, 0]]","[[None, 0], [None, 0], [None, 0], [None, 0]]","[[None, 0], [None, 0], [None, 0], [None, 0]]","[[None, 0], [None, 0], [None, 0], [None, 0]]","[[None, 0], [None, 0], [None, 0], [None, 0]]","[[None, 0], [None, 0], [None, 0], [None, 0]]","[[None, 0], [None, 0], [None, 0], [None, 0]]","[[None, 0], [None, 0], [None, 0], [None, 0]]","[[9.0, 0], [41.0, 0], [47.0, 0], [56.0, 0]]","[[None, 0], [None, 0], [None, 0], [None, 0]]","[[None, 0], [None, 0], [None, 0], [None, 0]]","[[None, 0], [None, 0], [None, 0], [None, 0]]","[[16.0, 0], [30.0, 0], [43.0, 0], [30.0, 0]]","[[18.0, 0], [55.0, 0], [56.0, 0], [63.0, 0]]","[[None, 0], [None, 0], [None, 0], [None, 0]]","[[41.0, 0], [31.0, 0], [45.0, 0], [64.0, 0]]","[[None, 0], [None, 0], [None, 0], [None, 0]]","[[50.0, 0], [57.0, 0], [63.0, 0], [61.0, 0]]"
10,A.N. Pritzker School,instruction,English Instruction,3.0,Students report doing the following in English class:,engl,,2.0,"
<p><b>English Instruction</b><br>Students interact with course material and one another to build and apply critical reading and writing skills.</p>","[[55.0, 0], [42.0, 0], [36.0, 0], [51.0, 0]]","[[None, 0], [None, 0], [None, 0], [None, 0]]","[[None, 0], [None, 0], [None, 0], [None, 0]]","[[None, 0], [None, 0], [None, 0], [None, 0]]","[[None, 0], [None, 0], [None, 0], [None, 0]]","[[None, 0], [None, 0], [None, 0], [None, 0]]","[[57.0, 0], [36.0, 0], [27.0, 0], [49.0, 0]]","[[80.0, 0], [65.0, 0], [64.0, 0], [63.0, 0]]","[[None, 0], [None, 0], [None, 0], [None, 0]]","[[None, 0], [None, 0], [None, 0], [None, 0]]","[[None, 0], [None, 0], [None, 0], [None, 0]]","[[None, 0], [None, 0], [None, 0], [None, 0]]","[[None, 0], [None, 0], [None, 0], [None, 0]]","[[None, 0], [None, 0], [None, 0], [None, 0]]","[[None, 0], [None, 0], [None, 0], [None, 0]]","[[None, 0], [None, 0], [None, 0], [None, 0]]","[[None, 0], [None, 0], [None, 0], [None, 0]]","[[53.0, 0], [49.0, 0], [47.0, 0], [53.0, 0]]","[[None, 0], [None, 0], [None, 0], [None, 0]]","[[None, 0], [None, 0], [None, 0], [None, 0]]","[[None, 0], [None, 0], [None, 0], [None, 0]]","[[52.0, 0], [29.0, 0], [42.0, 0], [50.0, 0]]","[[46.0, 0], [46.0, 0], [17.0, 0], [46.0, 0]]","[[None, 0], [None, 0], [None, 0], [None, 0]]","[[71.0, 0], [50.0, 0], [48.0, 0], [55.0, 0]]","[[None, 0], [None, 0], [None, 0], [None, 0]]","[[67.0, 0], [54.0, 0], [55.0, 0], [56.0, 0]]"
11,A.N. Pritzker School,_supplemental,Grit,3.0,Students report:,grit,,2.0,"
<p><b>Grit</b><br>Students sustain interest and effort toward long-term goals.</p>","[[11.0, 0], [33.0, 0], [36.0, 0], [42.0, 0]]","[[None, 0], [None, 0], [None, 0], [None, 0]]","[[None, 0], [None, 0], [None, 0], [None, 0]]","[[None, 0], [None, 0], [None, 0], [None, 0]]","[[None, 0], [None, 0], [None, 0], [None, 0]]","[[None, 0], [None, 0], [None, 0], [None, 0]]","[[19.0, 0], [32.0, 0], [34.0, 0], [46.0, 0]]","[[41.0, 0], [50.0, 0], [52.0, 0], [50.0, 0]]","[[None, 0], [None, 0], [None, 0], [None, 0]]","[[None, 0], [None, 0], [None, 0], [None, 0]]","[[None, 0], [None, 0], [None, 0], [None, 0]]","[[None, 0], [None, 0], [None, 0], [None, 0]]","[[None, 0], [None, 0], [None, 0], [None, 0]]","[[None, 0], [None, 0], [None, 0], [None, 0]]","[[None, 0], [None, 0], [None, 0], [None, 0]]","[[None, 0], [None, 0], [None, 0], [None, 0]]","[[None, 0], [None, 0], [None, 0], [None, 0]]","[[3.0, 0], [33.0, 0], [37.0, 0], [38.0, 0]]","[[None, 0], [None, 0], [None, 0], [None, 0]]","[[None, 0], [None, 0], [None, 0], [None, 0]]","[[None, 0], [None, 0], [None, 0], [None, 0]]","[[21.0, 0], [38.0, 0], [38.0, 0], [1.0, 0]]","[[1.0, 0], [35.0, 0], [41.0, 0], [60.0, 0]]","[[None, 0], [None, 0], [None, 0], [None, 0]]","[[22.0, 0], [24.0, 0], [28.0, 0], [47.0, 0]]","[[None, 0], [None, 0], [None, 0], [None, 0]]","[[41.0, 0], [49.0, 0], [54.0, 0], [49.0, 0]]"
12,A.N. Pritzker School,_supplemental,Human & Social Resources in the Community,3.0,Students report the following about their community:,humr,,2.0,"
<p><b>Human &amp; Social Resources in the Community</b><br>Students come from communities where there are adults they can trust who provide a safe environment.</p>","[[46.0, 0], [54.0, 0], [53.0, 0], [47.0, 0]]","[[None, 0], [None, 0], [None, 0], [None, 0]]","[[None, 0], [None, 0], [None, 0], [None, 0]]","[[None, 0], [None, 0], [None, 0], [None, 0]]","[[None, 0], [None, 0], [None, 0], [None, 0]]","[[None, 0], [None, 0], [None, 0], [None, 0]]","[[44.0, 0], [51.0, 0], [51.0, 0], [44.0, 0]]","[[49.0, 0], [52.0, 0], [49.0, 0], [48.0, 0]]","[[None, 0], [None, 0], [None, 0], [None, 0]]","[[None, 0], [None, 0], [None, 0], [None, 0]]","[[None, 0], [None, 0], [None, 0], [None, 0]]","[[None, 0], [None, 0], [None, 0], [None, 0]]","[[None, 0], [None, 0], [None, 0], [None, 0]]","[[None, 0], [None, 0], [None, 0], [None, 0]]","[[None, 0], [None, 0], [None, 0], [None, 0]]","[[None, 0], [None, 0], [None, 0], [None, 0]]","[[None, 0], [None, 0], [None, 0], [None, 0]]","[[49.0, 0], [58.0, 0], [54.0, 0], [50.0, 0]]","[[None, 0], [None, 0], [None, 0], [None, 0]]","[[None, 0], [None, 0], [None, 0], [None, 0]]","[[None, 0], [None, 0], [None, 0], [None, 0]]","[[51.0, 0], [54.0, 0], [55.0, 0], [52.0, 0]]","[[42.0, 0], [60.0, 0], [53.0, 0], [40.0, 0]]","[[None, 0], [None, 0], [None, 0], [None, 0]]","[[45.0, 0], [45.0, 0], [50.0, 0], [53.0, 0]]","[[None, 0], [None, 0], [None, 0], [None, 0]]","[[58.0, 0], [62.0, 0], [63.0, 0], [59.0, 0]]"
13,A.N. Pritzker School,_supplemental,Innovation,3.0,Teachers report that:,innv,,1.0,"
<p><b>Innovation</b><br>Teachers have a strong orientation toward improvement and a willingness to be a part of an active learning environment.</p>","[[26.0, 0], [28.0, 0], [35.0, 0], [16.0, 0]]",,,,,,,"[[62.0, 0], [70.0, 0], [72.0, 0], [71.0, 0]]",,,,,,,,,,,,,,,,,,,"[[62.0, 0], [70.0, 0], [73.0, 0], [73.0, 0]]"
14,A.N. Pritzker School,_supplemental,Inquiry-Based Science Instruction,3.0,Students report doing the following in science class:,scie,,2.0,"
<p><b>Inquiry-Based Science Instruction</b><br>Students conduct scientific investigations, including generating and testing hypotheses, writing lab reports and using laboratory equipment. 
</p>","[[72.0, 0], [62.0, 0], [57.0, 0], [60.0, 0]]","[[None, 0], [None, 0], [None, 0], [None, 0]]","[[None, 0], [None, 0], [None, 0], [None, 0]]","[[None, 0], [None, 0], [None, 0], [None, 0]]","[[None, 0], [None, 0], [None, 0], [None, 0]]","[[None, 0], [None, 0], [None, 0], [None, 0]]","[[71.0, 0], [58.0, 0], [56.0, 0], [58.0, 0]]","[[67.0, 0], [64.0, 0], [64.0, 0], [63.0, 0]]","[[None, 0], [None, 0], [None, 0], [None, 0]]","[[None, 0], [None, 0], [None, 0], [None, 0]]","[[None, 0], [None, 0], [None, 0], [None, 0]]","[[None, 0], [None, 0], [None, 0], [None, 0]]","[[None, 0], [None, 0], [None, 0], [None, 0]]","[[None, 0], [None, 0], [None, 0], [None, 0]]","[[None, 0], [None, 0], [None, 0], [None, 0]]","[[None, 0], [None, 0], [None, 0], [None, 0]]","[[None, 0], [None, 0], [None, 0], [None, 0]]","[[73.0, 0], [67.0, 0], [58.0, 0], [62.0, 0]]","[[None, 0], [None, 0], [None, 0], [None, 0]]","[[None, 0], [None, 0], [None, 0], [None, 0]]","[[None, 0], [None, 0], [None, 0], [None, 0]]","[[72.0, 0], [65.0, 0], [71.0, 0], [89.0, 0]]","[[63.0, 0], [57.0, 0], [33.0, 0], [27.0, 0]]","[[None, 0], [None, 0], [None, 0], [None, 0]]","[[82.0, 0], [67.0, 0], [62.0, 0], [76.0, 0]]","[[None, 0], [None, 0], [None, 0], [None, 0]]","[[69.0, 0], [67.0, 0], [69.0, 0], [66.0, 0]]"
15,A.N. Pritzker School,leaders,Instructional Leadership,3.0,Teachers report that a member of the school leadership team:,ins3,,1.0,"
<p><b>Instructional Leadership</b><br>The school leadership team sets high standards for teaching and  student learning.</p>","[[38.0, 0], [34.0, 0], [27.0, 0], [30.0, 0]]",,,,,,,"[[60.0, 0], [58.0, 0], [60.0, 0], [58.0, 0]]",,,,,,,,,,,,,,,,,,,"[[59.0, 0], [58.0, 0], [60.0, 0], [56.0, 0]]"
16,A.N. Pritzker School,instruction,Math Instruction,3.0,Students report that they do the following in math class:,math,,2.0,"
<p><b>Math Instruction</b><br>Students interact with course material and one another to build and apply knowledge in their math classes.</p>","[[66.0, 0], [55.0, 0], [57.0, 0], [39.0, 0]]","[[None, 0], [None, 0], [None, 0], [None, 0]]","[[None, 0], [None, 0], [None, 0], [None, 0]]","[[None, 0], [None, 0], [None, 0], [None, 0]]","[[None, 0], [None, 0], [None, 0], [None, 0]]","[[None, 0], [None, 0], [None, 0], [None, 0]]","[[71.0, 0], [47.0, 0], [56.0, 0], [43.0, 0]]","[[82.0, 0], [73.0, 0], [71.0, 0], [67.0, 0]]","[[None, 0], [None, 0], [None, 0], [None, 0]]","[[None, 0], [None, 0], [None, 0], [None, 0]]","[[None, 0], [None, 0], [None, 0], [None, 0]]","[[None, 0], [None, 0], [None, 0], [None, 0]]","[[None, 0], [None, 0], [None, 0], [None, 0]]","[[None, 0], [None, 0], [None, 0], [None, 0]]","[[None, 0], [None, 0], [None, 0], [None, 0]]","[[None, 0], [None, 0], [None, 0], [None, 0]]","[[None, 0], [None, 0], [None, 0], [None, 0]]","[[61.0, 0], [65.0, 0], [57.0, 0], [34.0, 0]]","[[None, 0], [None, 0], [None, 0], [None, 0]]","[[None, 0], [None, 0], [None, 0], [None, 0]]","[[None, 0], [None, 0], [None, 0], [None, 0]]","[[64.0, 0], [48.0, 0], [54.0, 0], [14.0, 0]]","[[62.0, 0], [73.0, 0], [76.0, 0], [52.0, 0]]","[[None, 0], [None, 0], [None, 0], [None, 0]]","[[75.0, 0], [37.0, 0], [39.0, 0], [42.0, 0]]","[[None, 0], [None, 0], [None, 0], [None, 0]]","[[72.0, 0], [64.0, 0], [65.0, 0], [62.0, 0]]"
17,A.N. Pritzker School,families,Parent Influence on Decision Making in Schools,3.0,Teachers report that the school:,pnfl,,1.0,"
<p><b>Parent Influence on Decision Making in Schools</b><br>The school has created opportunities for parents to participate in developing academic programs and influencing school curricula.</p>","[[72.0, 0], [68.0, 0], [68.0, 0], [69.0, 0]]",,,,,,,"[[67.0, 0], [67.0, 0], [66.0, 0], [58.0, 0]]",,,,,,,,,,,,,,,,,,,"[[77.0, 0], [76.0, 0], [78.0, 0], [72.0, 0]]"
18,A.N. Pritzker School,families,Parent Involvement in School,3.0,Teachers report that students' parents:,prt4,,1.0,"
<p><b>Parent Involvement in School</b><br>Parents are active participants in their child&#39;s schooling.</p>","[[62.0, 0], [60.0, 0], [73.0, 0], [64.0, 0]]",,,,,,,"[[62.0, 0], [61.0, 0], [62.0, 0], [58.0, 0]]",,,,,,,,,,,,,,,,,,,"[[74.0, 0], [71.0, 0], [75.0, 0], [70.0, 0]]"
19,A.N. Pritzker School,_supplemental,Parent Supportiveness,3.0,Students report the following about their parents. My parents:,prs2,,2.0,"
<p><b>Parent Supportiveness</b><br>Parents support their children emotionally and developmentally.</p>","[[41.0, 0], [70.0, 0], [57.0, 0], [51.0, 0]]","[[None, 0], [None, 0], [None, 0], [None, 0]]","[[None, 0], [None, 0], [None, 0], [None, 0]]","[[None, 0], [None, 0], [None, 0], [None, 0]]","[[None, 0], [None, 0], [None, 0], [None, 0]]","[[None, 0], [None, 0], [None, 0], [None, 0]]","[[32.0, 0], [71.0, 0], [51.0, 0], [56.0, 0]]","[[61.0, 0], [67.0, 0], [64.0, 0], [61.0, 0]]","[[None, 0], [None, 0], [None, 0], [None, 0]]","[[None, 0], [None, 0], [None, 0], [None, 0]]","[[None, 0], [None, 0], [None, 0], [None, 0]]","[[None, 0], [None, 0], [None, 0], [None, 0]]","[[None, 0], [None, 0], [None, 0], [None, 0]]","[[None, 0], [None, 0], [None, 0], [None, 0]]","[[None, 0], [None, 0], [None, 0], [None, 0]]","[[None, 0], [None, 0], [None, 0], [None, 0]]","[[None, 0], [None, 0], [None, 0], [None, 0]]","[[50.0, 0], [68.0, 0], [62.0, 0], [46.0, 0]]","[[None, 0], [None, 0], [None, 0], [None, 0]]","[[None, 0], [None, 0], [None, 0], [None, 0]]","[[None, 0], [None, 0], [None, 0], [None, 0]]","[[49.0, 0], [74.0, 0], [48.0, 0], [50.0, 0]]","[[29.0, 0], [77.0, 0], [76.0, 0], [50.0, 0]]","[[None, 0], [None, 0], [None, 0], [None, 0]]","[[44.0, 0], [55.0, 0], [45.0, 0], [53.0, 0]]","[[None, 0], [None, 0], [None, 0], [None, 0]]","[[65.0, 0], [76.0, 0], [73.0, 0], [66.0, 0]]"
20,A.N. Pritzker School,environment,Peer Support for Academic Work,1.0,Students report that their classroom peers:,acno,,2.0,"
<p><b>Peer Support for Academic Work</b><br>Students demonstrate behaviors that lead to academic achievement.</p>","[[61.0, 0], [60.0, 0], [62.0, 0], [60.0, 0]]","[[None, 0], [None, 0], [None, 0], [None, 0]]","[[None, 0], [None, 0], [None, 0], [None, 0]]","[[None, 0], [None, 0], [None, 0], [None, 0]]","[[None, 0], [None, 0], [None, 0], [None, 0]]","[[None, 0], [None, 0], [None, 0], [None, 0]]","[[60.0, 0], [52.0, 0], [52.0, 0], [64.0, 0]]","[[60.0, 0], [61.0, 0], [61.0, 0], [55.0, 0]]","[[None, 0], [None, 0], [None, 0], [None, 0]]","[[None, 0], [None, 0], [None, 0], [None, 0]]","[[None, 0], [None, 0], [None, 0], [None, 0]]","[[None, 0], [None, 0], [None, 0], [None, 0]]","[[None, 0], [None, 0], [None, 0], [None, 0]]","[[None, 0], [None, 0], [None, 0], [None, 0]]","[[None, 0], [None, 0], [None, 0], [None, 0]]","[[None, 0], [None, 0], [None, 0], [None, 0]]","[[None, 0], [None, 0], [None, 0], [None, 0]]","[[63.0, 0], [69.0, 0], [73.0, 0], [57.0, 0]]","[[None, 0], [None, 0], [None, 0], [None, 0]]","[[None, 0], [None, 0], [None, 0], [None, 0]]","[[None, 0], [None, 0], [None, 0], [None, 0]]","[[60.0, 0], [66.0, 0], [59.0, 0], [36.0, 0]]","[[45.0, 0], [58.0, 0], [59.0, 0], [73.0, 0]]","[[None, 0], [None, 0], [None, 0], [None, 0]]","[[82.0, 0], [56.0, 0], [70.0, 0], [65.0, 0]]","[[None, 0], [None, 0], [None, 0], [None, 0]]","[[58.0, 0], [61.0, 0], [64.0, 0], [57.0, 0]]"
21,A.N. Pritzker School,_supplemental,Primary Grades -  Academic Personalism,3.0,Students report that their teacher:,sup_perc,,2.0,"
<p><b>Primary Grades -  Academic Personalism</b><br>(4th and 5th grade students only) Teachers connect with students in the classroom and support them in achieving academic goals.</p>

","[[52.0, 0], [None, 0], [None, 0], [None, 0]]","[[None, 0], [None, 0], [None, 0], [None, 0]]","[[None, 0], [None, 0], [None, 0], [None, 0]]","[[None, 0], [None, 0], [None, 0], [None, 0]]","[[None, 0], [None, 0], [None, 0], [None, 0]]","[[None, 0], [None, 0], [None, 0], [None, 0]]","[[57.0, 0], [None, 0], [None, 0], [None, 0]]","[[82.0, 0], [None, 0], [None, 0], [None, 0]]","[[None, 0], [None, 0], [None, 0], [None, 0]]","[[None, 0], [None, 0], [None, 0], [None, 0]]","[[None, 0], [None, 0], [None, 0], [None, 0]]","[[None, 0], [None, 0], [None, 0], [None, 0]]","[[None, 0], [None, 0], [None, 0], [None, 0]]","[[None, 0], [None, 0], [None, 0], [None, 0]]","[[None, 0], [None, 0], [None, 0], [None, 0]]","[[None, 0], [None, 0], [None, 0], [None, 0]]","[[None, 0], [None, 0], [None, 0], [None, 0]]","[[44.0, 0], [None, 0], [None, 0], [None, 0]]","[[None, 0], [None, 0], [None, 0], [None, 0]]","[[50.0, 0], [None, 0], [None, 0], [None, 0]]","[[53.0, 0], [None, 0], [None, 0], [None, 0]]","[[None, 0], [None, 0], [None, 0], [None, 0]]","[[None, 0], [None, 0], [None, 0], [None, 0]]","[[None, 0], [None, 0], [None, 0], [None, 0]]","[[None, 0], [None, 0], [None, 0], [None, 0]]","[[None, 0], [None, 0], [None, 0], [None, 0]]","[[None, 0], [None, 0], [None, 0], [None, 0]]"
22,A.N. Pritzker School,_supplemental,Primary Grades -  Academic Press,3.0,Students report the following about one specific class:,sup_pres,,2.0,"
<p><b>Primary Grades -  Academic Press</b><br>(4th and 5th grade students only) Teachers expect students to do their best and to meet academic demands.</p>","[[70.0, 0], [None, 0], [None, 0], [None, 0]]","[[None, 0], [None, 0], [None, 0], [None, 0]]","[[None, 0], [None, 0], [None, 0], [None, 0]]","[[None, 0], [None, 0], [None, 0], [None, 0]]","[[None, 0], [None, 0], [None, 0], [None, 0]]","[[None, 0], [None, 0], [None, 0], [None, 0]]","[[73.0, 0], [None, 0], [None, 0], [None, 0]]","[[85.0, 0], [None, 0], [None, 0], [None, 0]]","[[None, 0], [None, 0], [None, 0], [None, 0]]","[[None, 0], [None, 0], [None, 0], [None, 0]]","[[None, 0], [None, 0], [None, 0], [None, 0]]","[[None, 0], [None, 0], [None, 0], [None, 0]]","[[None, 0], [None, 0], [None, 0], [None, 0]]","[[None, 0], [None, 0], [None, 0], [None, 0]]","[[None, 0], [None, 0], [None, 0], [None, 0]]","[[None, 0], [None, 0], [None, 0], [None, 0]]","[[None, 0], [None, 0], [None, 0], [None, 0]]","[[64.0, 0], [None, 0], [None, 0], [None, 0]]","[[None, 0], [None, 0], [None, 0], [None, 0]]","[[76.0, 0], [None, 0], [None, 0], [None, 0]]","[[65.0, 0], [None, 0], [None, 0], [None, 0]]","[[None, 0], [None, 0], [None, 0], [None, 0]]","[[None, 0], [None, 0], [None, 0], [None, 0]]","[[None, 0], [None, 0], [None, 0], [None, 0]]","[[None, 0], [None, 0], [None, 0], [None, 0]]","[[None, 0], [None, 0], [None, 0], [None, 0]]","[[None, 0], [None, 0], [None, 0], [None, 0]]"
23,A.N. Pritzker School,_supplemental,Primary Grades -  English Instruction,3.0,Students report doing the following in English class:,sup_engl,,2.0,"
<p><b>Primary Grades -  English Instruction</b><br>(4th and 5th grade students only) Students interact with course material and one another to build and apply critical reading and writing skills.</p>","[[42.0, 0], [None, 0], [None, 0], [None, 0]]","[[None, 0], [None, 0], [None, 0], [None, 0]]","[[None, 0], [None, 0], [None, 0], [None, 0]]","[[None, 0], [None, 0], [None, 0], [None, 0]]","[[None, 0], [None, 0], [None, 0], [None, 0]]","[[None, 0], [None, 0], [None, 0], [None, 0]]","[[54.0, 0], [None, 0], [None, 0], [None, 0]]","[[78.0, 0], [None, 0], [None, 0], [None, 0]]","[[None, 0], [None, 0], [None, 0], [None, 0]]","[[None, 0], [None, 0], [None, 0], [None, 0]]","[[None, 0], [None, 0], [None, 0], [None, 0]]","[[None, 0], [None, 0], [None, 0], [None, 0]]","[[None, 0], [None, 0], [None, 0], [None, 0]]","[[None, 0], [None, 0], [None, 0], [None, 0]]","[[None, 0], [None, 0], [None, 0], [None, 0]]","[[None, 0], [None, 0], [None, 0], [None, 0]]","[[None, 0], [None, 0], [None, 0], [None, 0]]","[[23.0, 0], [None, 0], [None, 0], [None, 0]]","[[None, 0], [None, 0], [None, 0], [None, 0]]","[[39.0, 0], [None, 0], [None, 0], [None, 0]]","[[45.0, 0], [None, 0], [None, 0], [None, 0]]","[[None, 0], [None, 0], [None, 0], [None, 0]]","[[None, 0], [None, 0], [None, 0], [None, 0]]","[[None, 0], [None, 0], [None, 0], [None, 0]]","[[None, 0], [None, 0], [None, 0], [None, 0]]","[[None, 0], [None, 0], [None, 0], [None, 0]]","[[None, 0], [None, 0], [None, 0], [None, 0]]"
24,A.N. Pritzker School,_supplemental,Primary Grades -  Math Instruction,3.0,Students report that they do the following in math class:,sup_math,,2.0,"
<p><b>Primary Grades -  Math Instruction</b><br>(4th and 5th grade students only) Students interact with course material and one another to build and apply knowledge in their math classes.</p>","[[75.0, 0], [None, 0], [None, 0], [None, 0]]","[[None, 0], [None, 0], [None, 0], [None, 0]]","[[None, 0], [None, 0], [None, 0], [None, 0]]","[[None, 0], [None, 0], [None, 0], [None, 0]]","[[None, 0], [None, 0], [None, 0], [None, 0]]","[[None, 0], [None, 0], [None, 0], [None, 0]]","[[75.0, 0], [None, 0], [None, 0], [None, 0]]","[[81.0, 0], [None, 0], [None, 0], [None, 0]]","[[None, 0], [None, 0], [None, 0], [None, 0]]","[[None, 0], [None, 0], [None, 0], [None, 0]]","[[None, 0], [None, 0], [None, 0], [None, 0]]","[[None, 0], [None, 0], [None, 0], [None, 0]]","[[None, 0], [None, 0], [None, 0], [None, 0]]","[[None, 0], [None, 0], [None, 0], [None, 0]]","[[None, 0], [None, 0], [None, 0], [None, 0]]","[[None, 0], [None, 0], [None, 0], [None, 0]]","[[None, 0], [None, 0], [None, 0], [None, 0]]","[[73.0, 0], [None, 0], [None, 0], [None, 0]]","[[None, 0], [None, 0], [None, 0], [None, 0]]","[[76.0, 0], [None, 0], [None, 0], [None, 0]]","[[73.0, 0], [None, 0], [None, 0], [None, 0]]","[[None, 0], [None, 0], [None, 0], [None, 0]]","[[None, 0], [None, 0], [None, 0], [None, 0]]","[[None, 0], [None, 0], [None, 0], [None, 0]]","[[None, 0], [None, 0], [None, 0], [None, 0]]","[[None, 0], [None, 0], [None, 0], [None, 0]]","[[None, 0], [None, 0], [None, 0], [None, 0]]"
25,A.N. Pritzker School,_supplemental,Primary Grades -  Peer Support for Academic Work,1.0,Students report that their classroom peers:,sup_acno,,2.0,"
<p><b>Primary Grades -  Peer Support for Academic Work</b><br>(4th and 5th grade students only) Students demonstrate behaviors that lead to academic achievement.</p>","[[63.0, 0], [None, 0], [None, 0], [None, 0]]","[[None, 0], [None, 0], [None, 0], [None, 0]]","[[None, 0], [None, 0], [None, 0], [None, 0]]","[[None, 0], [None, 0], [None, 0], [None, 0]]","[[None, 0], [None, 0], [None, 0], [None, 0]]","[[None, 0], [None, 0], [None, 0], [None, 0]]","[[65.0, 0], [None, 0], [None, 0], [None, 0]]","[[89.0, 0], [None, 0], [None, 0], [None, 0]]","[[None, 0], [None, 0], [None, 0], [None, 0]]","[[None, 0], [None, 0], [None, 0], [None, 0]]","[[None, 0], [None, 0], [None, 0], [None, 0]]","[[None, 0], [None, 0], [None, 0], [None, 0]]","[[None, 0], [None, 0], [None, 0], [None, 0]]","[[None, 0], [None, 0], [None, 0], [None, 0]]","[[None, 0], [None, 0], [None, 0], [None, 0]]","[[None, 0], [None, 0], [None, 0], [None, 0]]","[[None, 0], [None, 0], [None, 0], [None, 0]]","[[59.0, 0], [None, 0], [None, 0], [None, 0]]","[[None, 0], [None, 0], [None, 0], [None, 0]]","[[67.0, 0], [None, 0], [None, 0], [None, 0]]","[[60.0, 0], [None, 0], [None, 0], [None, 0]]","[[None, 0], [None, 0], [None, 0], [None, 0]]","[[None, 0], [None, 0], [None, 0], [None, 0]]","[[None, 0], [None, 0], [None, 0], [None, 0]]","[[None, 0], [None, 0], [None, 0], [None, 0]]","[[None, 0], [None, 0], [None, 0], [None, 0]]","[[None, 0], [None, 0], [None, 0], [None, 0]]"
26,A.N. Pritzker School,_supplemental,Primary Grades -  Safety,3.0,Students report how safe they feel:,sup_safe,,2.0,"
<p><b>Primary Grades -  Safety</b><br>(4th and 5th grade students only) Students feel safe both in and around the school building, and while they travel to and from home.</p>","[[51.0, 0], [None, 0], [None, 0], [None, 0]]","[[None, 0], [None, 0], [None, 0], [None, 0]]","[[None, 0], [None, 0], [None, 0], [None, 0]]","[[None, 0], [None, 0], [None, 0], [None, 0]]","[[None, 0], [None, 0], [None, 0], [None, 0]]","[[None, 0], [None, 0], [None, 0], [None, 0]]","[[51.0, 0], [None, 0], [None, 0], [None, 0]]","[[45.0, 0], [None, 0], [None, 0], [None, 0]]","[[None, 0], [None, 0], [None, 0], [None, 0]]","[[None, 0], [None, 0], [None, 0], [None, 0]]","[[None, 0], [None, 0], [None, 0], [None, 0]]","[[None, 0], [None, 0], [None, 0], [None, 0]]","[[None, 0], [None, 0], [None, 0], [None, 0]]","[[None, 0], [None, 0], [None, 0], [None, 0]]","[[None, 0], [None, 0], [None, 0], [None, 0]]","[[None, 0], [None, 0], [None, 0], [None, 0]]","[[None, 0], [None, 0], [None, 0], [None, 0]]","[[50.0, 0], [None, 0], [None, 0], [None, 0]]","[[None, 0], [None, 0], [None, 0], [None, 0]]","[[58.0, 0], [None, 0], [None, 0], [None, 0]]","[[46.0, 0], [None, 0], [None, 0], [None, 0]]","[[None, 0], [None, 0], [None, 0], [None, 0]]","[[None, 0], [None, 0], [None, 0], [None, 0]]","[[None, 0], [None, 0], [None, 0], [None, 0]]","[[None, 0], [None, 0], [None, 0], [None, 0]]","[[None, 0], [None, 0], [None, 0], [None, 0]]","[[None, 0], [None, 0], [None, 0], [None, 0]]"
27,A.N. Pritzker School,_supplemental,Primary Grades -  Student-Teacher Trust,3.0,Students report:,sup_trts,,2.0,"
<p><b>Primary Grades -  Student-Teacher Trust</b><br>(4th and 5th grade students only) Students and teachers share a high level of mutual trust and respect.</p>","[[60.0, 0], [None, 0], [None, 0], [None, 0]]","[[None, 0], [None, 0], [None, 0], [None, 0]]","[[None, 0], [None, 0], [None, 0], [None, 0]]","[[None, 0], [None, 0], [None, 0], [None, 0]]","[[None, 0], [None, 0], [None, 0], [None, 0]]","[[None, 0], [None, 0], [None, 0], [None, 0]]","[[66.0, 0], [None, 0], [None, 0], [None, 0]]","[[67.0, 0], [None, 0], [None, 0], [None, 0]]","[[None, 0], [None, 0], [None, 0], [None, 0]]","[[None, 0], [None, 0], [None, 0], [None, 0]]","[[None, 0], [None, 0], [None, 0], [None, 0]]","[[None, 0], [None, 0], [None, 0], [None, 0]]","[[None, 0], [None, 0], [None, 0], [None, 0]]","[[None, 0], [None, 0], [None, 0], [None, 0]]","[[None, 0], [None, 0], [None, 0], [None, 0]]","[[None, 0], [None, 0], [None, 0], [None, 0]]","[[None, 0], [None, 0], [None, 0], [None, 0]]","[[51.0, 0], [None, 0], [None, 0], [None, 0]]","[[None, 0], [None, 0], [None, 0], [None, 0]]","[[61.0, 0], [None, 0], [None, 0], [None, 0]]","[[58.0, 0], [None, 0], [None, 0], [None, 0]]","[[None, 0], [None, 0], [None, 0], [None, 0]]","[[None, 0], [None, 0], [None, 0], [None, 0]]","[[None, 0], [None, 0], [None, 0], [None, 0]]","[[None, 0], [None, 0], [None, 0], [None, 0]]","[[None, 0], [None, 0], [None, 0], [None, 0]]","[[None, 0], [None, 0], [None, 0], [None, 0]]"
28,A.N. Pritzker School,leaders,Program Coherence,3.0,Teachers report the following:,pgmc,,1.0,"
<p><b>Program Coherence</b><br>School programs are coordinated and consistent with its goals for student learning.</p>","[[41.0, 0], [32.0, 0], [24.0, 0], [43.0, 0]]",,,,,,,"[[66.0, 0], [67.0, 0], [68.0, 0], [61.0, 0]]",,,,,,,,,,,,,,,,,,,"[[70.0, 0], [68.0, 0], [72.0, 0], [65.0, 0]]"
29,A.N. Pritzker School,teachers,Quality Professional Development,3.0,Teachers report that professional development this year has:,qpd2,,1.0,"
<p><b>Quality Professional Development</b><br>Professional development is rigorous and focused on student learning.</p>","[[59.0, 0], [47.0, 0], [38.0, 0], [57.0, 0]]",,,,,,,"[[80.0, 0], [68.0, 0], [82.0, 0], [72.0, 0]]",,,,,,,,,,,,,,,,,,,"[[77.0, 0], [62.0, 0], [84.0, 0], [72.0, 0]]"
30,A.N. Pritzker School,instruction,Quality of Student Discussion,3.0,Teachers report the following about classroom discussions:,sdis,,1.0,"
<p><b>Quality of Student Discussion</b><br>Students participate in classroom discussions that build their critical thinking skills.</p>","[[66.0, 0], [46.0, 0], [52.0, 0], [34.0, 0]]",,,,,,,"[[72.0, 0], [72.0, 0], [77.0, 0], [69.0, 0]]",,,,,,,,,,,,,,,,,,,"[[75.0, 0], [77.0, 0], [80.0, 0], [76.0, 0]]"
31,A.N. Pritzker School,_supplemental,Reflective Dialogue,3.0,Teachers report that:,refd,,1.0,"
<p><b>Reflective Dialogue</b><br>Teachers frequently talk with each other about curriculum, instruction, and student learning. </p>","[[46.0, 0], [32.0, 0], [35.0, 0], [38.0, 0]]",,,,,,,"[[64.0, 0], [64.0, 0], [71.0, 0], [56.0, 0]]",,,,,,,,,,,,,,,,,,,"[[67.0, 0], [63.0, 0], [72.0, 0], [55.0, 0]]"
32,A.N. Pritzker School,_supplemental,Rigorous Study Habits,3.0,Students report that:,stdy,,2.0,"
<p><b>Rigorous Study Habits</b><br>Students set aside time for schoolwork and give priority to studying.
</p>","[[35.0, 0], [60.0, 0], [54.0, 0], [39.0, 0]]","[[None, 0], [None, 0], [None, 0], [None, 0]]","[[None, 0], [None, 0], [None, 0], [None, 0]]","[[None, 0], [None, 0], [None, 0], [None, 0]]","[[None, 0], [None, 0], [None, 0], [None, 0]]","[[None, 0], [None, 0], [None, 0], [None, 0]]","[[38.0, 0], [64.0, 0], [52.0, 0], [38.0, 0]]","[[47.0, 0], [54.0, 0], [54.0, 0], [50.0, 0]]","[[None, 0], [None, 0], [None, 0], [None, 0]]","[[None, 0], [None, 0], [None, 0], [None, 0]]","[[None, 0], [None, 0], [None, 0], [None, 0]]","[[None, 0], [None, 0], [None, 0], [None, 0]]","[[None, 0], [None, 0], [None, 0], [None, 0]]","[[None, 0], [None, 0], [None, 0], [None, 0]]","[[None, 0], [None, 0], [None, 0], [None, 0]]","[[None, 0], [None, 0], [None, 0], [None, 0]]","[[None, 0], [None, 0], [None, 0], [None, 0]]","[[32.0, 0], [56.0, 0], [57.0, 0], [40.0, 0]]","[[None, 0], [None, 0], [None, 0], [None, 0]]","[[None, 0], [None, 0], [None, 0], [None, 0]]","[[None, 0], [None, 0], [None, 0], [None, 0]]","[[44.0, 0], [66.0, 0], [58.0, 0], [14.0, 0]]","[[16.0, 0], [76.0, 0], [59.0, 0], [59.0, 0]]","[[None, 0], [None, 0], [None, 0], [None, 0]]","[[47.0, 0], [32.0, 0], [45.0, 0], [32.0, 0]]","[[None, 0], [None, 0], [None, 0], [None, 0]]","[[51.0, 0], [59.0, 0], [61.0, 0], [58.0, 0]]"
33,A.N. Pritzker School,environment,Safety,3.0,Students report how safe they feel:,safe,,2.0,"
<p><b>Safety</b><br>Students feel safe both in and around the school building, and while they travel to and from home.</p>","[[48.0, 0], [60.0, 0], [51.0, 0], [43.0, 0]]","[[None, 0], [None, 0], [None, 0], [None, 0]]","[[None, 0], [None, 0], [None, 0], [None, 0]]","[[None, 0], [None, 0], [None, 0], [None, 0]]","[[None, 0], [None, 0], [None, 0], [None, 0]]","[[None, 0], [None, 0], [None, 0], [None, 0]]","[[46.0, 0], [57.0, 0], [51.0, 0], [42.0, 0]]","[[44.0, 0], [50.0, 0], [50.0, 0], [46.0, 0]]","[[None, 0], [None, 0], [None, 0], [None, 0]]","[[None, 0], [None, 0], [None, 0], [None, 0]]","[[None, 0], [None, 0], [None, 0], [None, 0]]","[[None, 0], [None, 0], [None, 0], [None, 0]]","[[None, 0], [None, 0], [None, 0], [None, 0]]","[[None, 0], [None, 0], [None, 0], [None, 0]]","[[None, 0], [None, 0], [None, 0], [None, 0]]","[[None, 0], [None, 0], [None, 0], [None, 0]]","[[None, 0], [None, 0], [None, 0], [None, 0]]","[[51.0, 0], [64.0, 0], [51.0, 0], [43.0, 0]]","[[None, 0], [None, 0], [None, 0], [None, 0]]","[[None, 0], [None, 0], [None, 0], [None, 0]]","[[None, 0], [None, 0], [None, 0], [None, 0]]","[[58.0, 0], [70.0, 0], [48.0, 0], [62.0, 0]]","[[39.0, 0], [58.0, 0], [50.0, 0], [30.0, 0]]","[[None, 0], [None, 0], [None, 0], [None, 0]]","[[46.0, 0], [54.0, 0], [55.0, 0], [47.0, 0]]","[[None, 0], [None, 0], [None, 0], [None, 0]]","[[54.0, 0], [63.0, 0], [63.0, 0], [61.0, 0]]"
34,A.N. Pritzker School,teachers,School Commitment,3.0,Teachers report the following:,scmt,,1.0,"
<p><b>School Commitment</b><br>Teachers are deeply committed to the school.</p>","[[51.0, 0], [47.0, 0], [32.0, 0], [45.0, 0]]",,,,,,,"[[54.0, 0], [55.0, 0], [55.0, 0], [51.0, 0]]",,,,,,,,,,,,,,,,,,,"[[60.0, 0], [62.0, 0], [64.0, 0], [61.0, 0]]"
35,A.N. Pritzker School,_supplemental,School Connectedness,3.0,Students report the following:,pssm,,2.0,"
<p><b>School Connectedness</b><br>Students feel included in their schoolâ€™s community.</p>","[[45.0, 0], [63.0, 0], [63.0, 0], [77.0, 0]]","[[None, 0], [None, 0], [None, 0], [None, 0]]","[[None, 0], [None, 0], [None, 0], [None, 0]]","[[None, 0], [None, 0], [None, 0], [None, 0]]","[[None, 0], [None, 0], [None, 0], [None, 0]]","[[None, 0], [None, 0], [None, 0], [None, 0]]","[[44.0, 0], [56.0, 0], [55.0, 0], [68.0, 0]]","[[66.0, 0], [74.0, 0], [72.0, 0], [69.0, 0]]","[[None, 0], [None, 0], [None, 0], [None, 0]]","[[None, 0], [None, 0], [None, 0], [None, 0]]","[[None, 0], [None, 0], [None, 0], [None, 0]]","[[None, 0], [None, 0], [None, 0], [None, 0]]","[[None, 0], [None, 0], [None, 0], [None, 0]]","[[None, 0], [None, 0], [None, 0], [None, 0]]","[[None, 0], [None, 0], [None, 0], [None, 0]]","[[None, 0], [None, 0], [None, 0], [None, 0]]","[[None, 0], [None, 0], [None, 0], [None, 0]]","[[45.0, 0], [71.0, 0], [71.0, 0], [86.0, 0]]","[[None, 0], [None, 0], [None, 0], [None, 0]]","[[None, 0], [None, 0], [None, 0], [None, 0]]","[[None, 0], [None, 0], [None, 0], [None, 0]]","[[47.0, 0], [58.0, 0], [66.0, 0], [65.0, 0]]","[[38.0, 0], [68.0, 0], [70.0, 0], [85.0, 0]]","[[None, 0], [None, 0], [None, 0], [None, 0]]","[[49.0, 0], [63.0, 0], [53.0, 0], [75.0, 0]]","[[None, 0], [None, 0], [None, 0], [None, 0]]","[[70.0, 0], [76.0, 0], [81.0, 0], [77.0, 0]]"
36,A.N. Pritzker School,_supplemental,School safety,3.0,Students report  that:,ssaf,,2.0,"
<p><b>School safety</b><br>Students encounter very little crime, violence, or bullying at school.</p>","[[53.0, 0], [86.0, 0], [87.0, 0], [78.0, 0]]","[[None, 0], [None, 0], [None, 0], [None, 0]]","[[None, 0], [None, 0], [None, 0], [None, 0]]","[[None, 0], [None, 0], [None, 0], [None, 0]]","[[None, 0], [None, 0], [None, 0], [None, 0]]","[[None, 0], [None, 0], [None, 0], [None, 0]]","[[50.0, 0], [81.0, 0], [89.0, 0], [80.0, 0]]","[[66.0, 0], [72.0, 0], [71.0, 0], [68.0, 0]]","[[None, 0], [None, 0], [None, 0], [None, 0]]","[[None, 0], [None, 0], [None, 0], [None, 0]]","[[None, 0], [None, 0], [None, 0], [None, 0]]","[[None, 0], [None, 0], [None, 0], [None, 0]]","[[None, 0], [None, 0], [None, 0], [None, 0]]","[[None, 0], [None, 0], [None, 0], [None, 0]]","[[None, 0], [None, 0], [None, 0], [None, 0]]","[[None, 0], [None, 0], [None, 0], [None, 0]]","[[None, 0], [None, 0], [None, 0], [None, 0]]","[[57.0, 0], [90.0, 0], [86.0, 0], [76.0, 0]]","[[None, 0], [None, 0], [None, 0], [None, 0]]","[[None, 0], [None, 0], [None, 0], [None, 0]]","[[None, 0], [None, 0], [None, 0], [None, 0]]","[[51.0, 0], [89.0, 0], [97.0, 0], [83.0, 0]]","[[45.0, 0], [75.0, 0], [64.0, 0], [71.0, 0]]","[[None, 0], [None, 0], [None, 0], [None, 0]]","[[66.0, 0], [97.0, 0], [99.0, 0], [83.0, 0]]","[[None, 0], [None, 0], [None, 0], [None, 0]]","[[74.0, 0], [82.0, 0], [83.0, 0], [80.0, 0]]"
37,A.N. Pritzker School,_supplemental,Socialization of New Teachers,3.0,Teachers report the following:,socz,,1.0,"
<p><b>Socialization of New Teachers</b><br>New teachers are included in the professional community and are given helpful feedback on their instructional practices.</p>","[[31.0, 0], [35.0, 0], [33.0, 0], [17.0, 0]]",,,,,,,"[[74.0, 0], [73.0, 0], [75.0, 0], [63.0, 0]]",,,,,,,,,,,,,,,,,,,"[[78.0, 0], [76.0, 0], [76.0, 0], [64.0, 0]]"
38,A.N. Pritzker School,_supplemental,Student Peer Relationships,3.0,Students report that their school peers:,peer,,2.0,"
<p><b>Student Peer Relationships</b><br>Students treat each other with respect, work well together, and help each other learn.
</p>","[[43.0, 0], [64.0, 0], [72.0, 0], [63.0, 0]]","[[None, 0], [None, 0], [None, 0], [None, 0]]","[[None, 0], [None, 0], [None, 0], [None, 0]]","[[None, 0], [None, 0], [None, 0], [None, 0]]","[[None, 0], [None, 0], [None, 0], [None, 0]]","[[None, 0], [None, 0], [None, 0], [None, 0]]","[[39.0, 0], [57.0, 0], [70.0, 0], [63.0, 0]]","[[52.0, 0], [55.0, 0], [53.0, 0], [50.0, 0]]","[[None, 0], [None, 0], [None, 0], [None, 0]]","[[None, 0], [None, 0], [None, 0], [None, 0]]","[[None, 0], [None, 0], [None, 0], [None, 0]]","[[None, 0], [None, 0], [None, 0], [None, 0]]","[[None, 0], [None, 0], [None, 0], [None, 0]]","[[None, 0], [None, 0], [None, 0], [None, 0]]","[[None, 0], [None, 0], [None, 0], [None, 0]]","[[None, 0], [None, 0], [None, 0], [None, 0]]","[[None, 0], [None, 0], [None, 0], [None, 0]]","[[48.0, 0], [73.0, 0], [74.0, 0], [62.0, 0]]","[[None, 0], [None, 0], [None, 0], [None, 0]]","[[None, 0], [None, 0], [None, 0], [None, 0]]","[[None, 0], [None, 0], [None, 0], [None, 0]]","[[36.0, 0], [72.0, 0], [75.0, 0], [47.0, 0]]","[[43.0, 0], [62.0, 0], [63.0, 0], [68.0, 0]]","[[None, 0], [None, 0], [None, 0], [None, 0]]","[[51.0, 0], [59.0, 0], [77.0, 0], [68.0, 0]]","[[None, 0], [None, 0], [None, 0], [None, 0]]","[[55.0, 0], [59.0, 0], [63.0, 0], [60.0, 0]]"
39,A.N. Pritzker School,_supplemental,Student Responsibility,3.0,Teachers report that their students:,prti,,1.0,"
<p><b>Student Responsibility</b><br>Students are active participants in their own learning and regularly attend class prepared to learn. 
</p>","[[67.0, 0], [60.0, 0], [58.0, 0], [50.0, 0]]",,,,,,,"[[64.0, 0], [61.0, 0], [64.0, 0], [54.0, 0]]",,,,,,,,,,,,,,,,,,,"[[71.0, 0], [71.0, 0], [74.0, 0], [66.0, 0]]"
40,A.N. Pritzker School,environment,Student-Teacher Trust,3.0,Students report:,trts,,2.0,"
<p><b>Student-Teacher Trust</b><br>Students and teachers share a high level of mutual trust and respect.</p>","[[30.0, 0], [52.0, 0], [48.0, 0], [45.0, 0]]","[[None, 0], [None, 0], [None, 0], [None, 0]]","[[None, 0], [None, 0], [None, 0], [None, 0]]","[[None, 0], [None, 0], [None, 0], [None, 0]]","[[None, 0], [None, 0], [None, 0], [None, 0]]","[[None, 0], [None, 0], [None, 0], [None, 0]]","[[29.0, 0], [50.0, 0], [48.0, 0], [51.0, 0]]","[[51.0, 0], [54.0, 0], [53.0, 0], [50.0, 0]]","[[None, 0], [None, 0], [None, 0], [None, 0]]","[[None, 0], [None, 0], [None, 0], [None, 0]]","[[None, 0], [None, 0], [None, 0], [None, 0]]","[[None, 0], [None, 0], [None, 0], [None, 0]]","[[None, 0], [None, 0], [None, 0], [None, 0]]","[[None, 0], [None, 0], [None, 0], [None, 0]]","[[None, 0], [None, 0], [None, 0], [None, 0]]","[[None, 0], [None, 0], [None, 0], [None, 0]]","[[None, 0], [None, 0], [None, 0], [None, 0]]","[[32.0, 0], [54.0, 0], [47.0, 0], [39.0, 0]]","[[None, 0], [None, 0], [None, 0], [None, 0]]","[[None, 0], [None, 0], [None, 0], [None, 0]]","[[None, 0], [None, 0], [None, 0], [None, 0]]","[[24.0, 0], [59.0, 0], [55.0, 0], [31.0, 0]]","[[17.0, 0], [48.0, 0], [38.0, 0], [59.0, 0]]","[[None, 0], [None, 0], [None, 0], [None, 0]]","[[56.0, 0], [51.0, 0], [52.0, 0], [37.0, 0]]","[[None, 0], [None, 0], [None, 0], [None, 0]]","[[49.0, 0], [53.0, 0], [56.0, 0], [53.0, 0]]"
41,A.N. Pritzker School,leaders,Teacher Influence,3.0,Teachers report having influence on:,inf3,,1.0,"
<p><b>Teacher Influence</b><br>Teachers have influence in a broad range of decisions regarding school policies and practices.</p>","[[42.0, 0], [42.0, 0], [45.0, 0], [43.0, 0]]",,,,,,,"[[45.0, 0], [45.0, 0], [46.0, 0], [43.0, 0]]",,,,,,,,,,,,,,,,,,,"[[50.0, 0], [50.0, 0], [51.0, 0], [48.0, 0]]"
42,A.N. Pritzker School,_supplemental,Teacher Safety,3.0,Teachers report how much each of the following is a problem:,tsaf,,1.0,"
<p><b>Teacher Safety</b><br>Teachers report little or no disorder in the hallways, physical conflict among students, vandalism, robbery or theft, and threats of violence against teachers. 
</p>","[[39.0, 0], [34.0, 0], [42.0, 0], [41.0, 0]]",,,,,,,"[[49.0, 0], [49.0, 0], [52.0, 0], [52.0, 0]]",,,,,,,,,,,,,,,,,,,"[[51.0, 0], [55.0, 0], [59.0, 0], [58.0, 0]]"
43,A.N. Pritzker School,families,Teacher-Parent Trust,3.0,Teachers report the following:,trpa,,1.0,"
<p><b>Teacher-Parent Trust</b><br>Teachers and parents are partners in improving student learning.</p>","[[77.0, 0], [68.0, 0], [67.0, 0], [57.0, 0]]",,,,,,,"[[70.0, 0], [70.0, 0], [73.0, 0], [67.0, 0]]",,,,,,,,,,,,,,,,,,,"[[82.0, 0], [83.0, 0], [90.0, 0], [80.0, 0]]"
44,A.N. Pritzker School,leaders,Teacher-Principal Trust,3.0,Teachers report the following:,trpr,,1.0,"
<p><b>Teacher-Principal Trust</b><br>Teachers and principals share a high level of mutual trust and respect.</p>","[[46.0, 0], [44.0, 0], [38.0, 0], [41.0, 0]]",,,,,,,"[[59.0, 0], [59.0, 0], [59.0, 0], [56.0, 0]]",,,,,,,,,,,,,,,,,,,"[[64.0, 0], [63.0, 0], [65.0, 0], [61.0, 0]]"
45,A.N. Pritzker School,teachers,Teacher-Teacher Trust,3.0,Teachers report the following:,trte,,1.0,"
<p><b>Teacher-Teacher Trust</b><br>Teachers are supportive and respectful of one another, personally and professionally.</p>","[[42.0, 0], [46.0, 0], [38.0, 0], [39.0, 0]]",,,,,,,"[[65.0, 0], [62.0, 0], [63.0, 0], [63.0, 0]]",,,,,,,,,,,,,,,,,,,"[[66.0, 0], [64.0, 0], [66.0, 0], [71.0, 0]]"
46,A.N. Pritzker School,,All Measures,,,all,,,,,,,,,,,,,,,,,,,,,,,,,,,,,,
